,SOL-USD,ETH-USD,BNB-USD,BTC-USD
SOL-USD,1.0,0.7905176793444327,0.6479712997328848,0.7963683508351488
ETH-USD,0.7905176793444327,1.0,0.7017869493707866,0.8182340735733776
BNB-USD,0.6479712997328848,0.7017869493707866,1.0,0.6538101416063647
BTC-USD,0.7963683508351488,0.8182340735733776,0.6538101416063647,1.0
